Nombre del cuestionario,Nombre del curso,Abrir cuestionario,Cerrar cuestionario,Abierto para,Número de primeros intentos completos calificados,Número total de intentos completados,Promedio de los primeros intentos,Promedio de todos los intentos,Calificación media de los últimos intentos,Calificación media de los mejores intentos,Mediana (de intentos con mejores calificaciones),Desviación estándar (para intentos con mejores calificaciones),Asimetría de la distribución de puntuaciones (para intentos con mejores calificaciones),Curtosis de la distribución de puntuaciones (para intentos con mejores calificaciones),Coeficiente de consistentia interna (para intentos con mejores calificaciones),Ratio de error (para intentos con mejores calificaciones),Error estándar (para intentos con mejores calificaciones)
CUESTIONARIOANONIMO,CURSOANONIMO,"Domingo, 21 de septiembre de 2019, 09:00","domingo, 11 de octubre de 2019, 23:55",20 días 14 horas,58,58,"87,07%","87,07%","87,07%","87,07%","89,29%","11,21%","-0,9706","1,4991","52,31%","69,06%","7,74%"
﻿Q#,Tipo de pregunta,Nombre de la pregunta,Intentos,Índice de facilidad,Desviación estándar,Calificación aleatoria estimada,Ponderación deseada,peso efectivo,Índice de Discriminación,Eficiencia discriminativa,,,,,,,
1,Opción múltiple,PREGUNTA1,58,100.00%,0.00%,33.33%,"7,14%",0.00%,,,,,,,,,
2,Opción múltiple,PREGUNTA2,58,94.83%,22.34%,33.33%,"7,14%",7.64%,32.99%,60.88%,,,,,,,
3,Opción múltiple,PREGUNTA3,58,75.86%,26.89%,,"7,14%",9.20%,40.93%,46.25%,,,,,,,
4,Opción múltiple,PREGUNTA4,58,84.48%,36.52%,,"7,14%",8.10%,8.36%,11.27%,,,,,,,
5,Opción múltiple,PREGUNTA5,58,96.55%,18.41%,33.33%,"7,14%",7.12%,38.05%,79.86%,,,,,,,
6,Opción múltiple,PREGUNTA6,58,89.66%,30.72%,33.33%,"7,14%",9.02%,28.51%,46.06%,,,,,,,
7,Opción múltiple,PREGUNTA7,58,81.03%,39.55%,33.33%,"7,14%",8.06%,3.46%,4.66%,,,,,,,
8,Opción múltiple,PREGUNTA8,58,98.28%,13.13%,33.33%,"7,14%",6.05%,41.64%,100.00%,,,,,,,
9,Opción múltiple,PREGUNTA9,58,86.21%,34.78%,33.33%,"7,14%",9.83%,28.55%,41.39%,,,,,,,
10,Opción múltiple,PREGUNTA10,58,98.28%,13.13%,33.33%,"7,14%",3.30%,6.07%,12.39%,,,,,,,
11,Opción múltiple,PREGUNTA11,58,100.00%,0.00%,33.33%,"7,14%",0.00%,,,,,,,,,
12,Opción múltiple,PREGUNTA12,58,89.66%,30.72%,33.33%,"7,14%",7.01%,8.52%,12.72%,,,,,,,
13,Opción múltiple,PREGUNTA13,58,65.52%,47.95%,33.33%,"7,14%",12.11%,25.77%,33.77%,,,,,,,
14,Opción múltiple,PREGUNTA14,58,58.62%,49.68%,33.33%,"7,14%",12.57%,27.22%,32.78%,,,,,,,
