Marca temporal,¿Que tipo de participantes eres?,¿Que lenguaje/s utilizas para el concurso?,¿De que dificultad te han parecido los problemas?,¿ Conocias https://www.aceptaelreto.com/ para practica ? ¿La has utilizado?,"¿Has entrenado usando otras páginas de ejercicios (Usaco Train Gateway, Codeforces, etc...? Si es así, especifica cuales:",¿Cuantos problemas has llegado a leer en el concurso?,Con tiempo suficiente... ¿Cuantos problemas te verías capaz de resolver de los planteados?,¿ Participarías de nuevo en la próxima edición?
2016/03/12 1:43:08 p. m. EET,Profesor,Java,Media,"Si, pero solo he resuelto entre uno y cuatro problemas de Acepta el reto",no,6,8,Si
2016/03/13 9:39:45 a. m. EET,Profesor,Java,Difíciles,"Si, pero solo he resuelto entre uno y cuatro problemas de Acepta el reto",,3,3,Si
2016/03/13 3:45:54 p. m. EET,Alumno,Java,Extremadamente difíciles.,"Si, pero solo he resuelto entre uno y cuatro problemas de Acepta el reto",no,8,3,Si
2016/03/13 6:13:20 p. m. EET,Profesor,Java,Difíciles,"Si, pero no he resuelto problemas de Acepta el reto",,2,3,Si
2016/03/13 6:33:32 p. m. EET,Alumno,Java,Difíciles,Si y he resuelto mas de cuatro problemas,,6,5,"Si, pero no puedo ya que no estudiaré ciclo formativo el próximo curso"
2016/03/13 7:30:29 p. m. EET,Alumno,Java,Difíciles,Si y he resuelto mas de cuatro problemas,No.,3,8,"Si, pero no puedo ya que no estudiaré ciclo formativo el próximo curso"
2016/03/13 9:39:40 p. m. EET,Alumno,Java,Media,Si y he resuelto mas de cuatro problemas,,3,6,"Si, pero no puedo ya que no estudiaré ciclo formativo el próximo curso"
2016/03/14 3:30:18 a. m. EET,Alumno,Java,Difíciles,Si y he resuelto mas de cuatro problemas,No,4,4,Si
2016/03/14 6:43:59 p. m. EET,Alumno,Java,Difíciles,Si y he resuelto mas de cuatro problemas,,3,4,Si
2016/03/14 6:47:32 p. m. EET,Alumno,Java,Difíciles,No lo conocia,,5,7,
2016/03/15 5:41:07 a. m. EET,Alumno,Java,Difíciles,"Si, pero no he resuelto problemas de Acepta el reto",,5,5,Si
2016/03/15 11:35:58 a. m. EET,Profesor,Java,Difíciles,No lo conocia,,2,4,Si
2016/03/16 4:44:27 p. m. EET,Alumno,Java,Media,"Si, pero solo he resuelto entre uno y cuatro problemas de Acepta el reto",no,2,1,
2016/03/16 9:18:41 p. m. EET,Alumno,Java,Difíciles,"Si, pero solo he resuelto entre uno y cuatro problemas de Acepta el reto",,8,4,Si
2016/03/24 1:08:22 p. m. EET,Alumno,Java,Difíciles,No lo conocia,,8,3,Si
2016/03/27 10:04:12 p. m. EET,Profesor,Java,Media,Si y he resuelto mas de cuatro problemas,,8,,Si
2016/03/27 11:14:29 p. m. EET,Alumno,Java,Media,Si y he resuelto mas de cuatro problemas,No pero las probare,8,7,Si
2016/03/28 7:30:09 p. m. EET,Profesor,Java,Media,"Si, pero solo he resuelto entre uno y cuatro problemas de Acepta el reto",,4,8,Si
