Alumno,,Tipo,Fecha,Desde,Hasta,Comportamiento,Materia
ALUMNO01,,RP,16/09/2020,09:50,10:45,Ha hecho los deberes,Matemáticas
ALUMNO01,,RP,18/09/2020,09:50,10:45,Ha hecho los deberes,Matemáticas
ALUMNO01,,AC,22/09/2020,08:55,09:50,"Habla, molesta e interrumpe",Valenciano: Lengua y Literatura
ALUMNO01,,AC,22/09/2020,08:55,09:50,Distrae a los compañeros,Valenciano: Lengua y Literatura
ALUMNO01,,RP,22/09/2020,11:15,12:10,Ha hecho los deberes,Matemáticas
ALUMNO01,,RP,23/09/2020,09:50,10:45,Ha hecho los deberes,Matemáticas
ALUMNO01,,RP,24/09/2020,09:50,10:45,Se esfuerza y participa,Educación Física
ALUMNO02,,RP,16/09/2020,09:50,10:45,Ha hecho los deberes,Matemáticas
ALUMNO02,,RP,18/09/2020,09:50,10:45,Ha hecho los deberes,Matemáticas
ALUMNO02,,RP,22/09/2020,11:15,12:10,Ha hecho los deberes,Matemáticas
ALUMNO02,,RP,23/09/2020,09:50,10:45,Ha hecho los deberes,Matemáticas
ALUMNO02,,RP,24/09/2020,09:50,10:45,Se esfuerza y participa,Educación Física
ALUMNO03,,F,15/09/2020,08:00,08:55,Falta,Física y Química
ALUMNO03,,RP,16/09/2020,09:50,10:45,Ha hecho los deberes,Matemáticas
ALUMNO03,,RP,18/09/2020,09:50,10:45,Ha hecho los deberes,Matemáticas
ALUMNO03,,R,22/09/2020,08:00,08:55,Retraso,Física y Química
ALUMNO03,,AC,22/09/2020,08:55,09:50,Distrae a los compañeros,Valenciano: Lengua y Literatura
ALUMNO03,,AC,22/09/2020,08:55,09:50,"Habla, molesta e interrumpe",Valenciano: Lengua y Literatura
ALUMNO03,,RP,22/09/2020,11:15,12:10,Ha hecho los deberes,Matemáticas
ALUMNO03,,RP,23/09/2020,09:50,10:45,Ha hecho los deberes,Matemáticas
ALUMNO04,,RP,16/09/2020,09:50,10:45,Ha hecho los deberes,Matemáticas
ALUMNO04,,RP,18/09/2020,09:50,10:45,Ha hecho los deberes,Matemáticas
ALUMNO04,,RP,22/09/2020,11:15,12:10,Ha hecho los deberes,Matemáticas
ALUMNO04,,RP,23/09/2020,09:50,10:45,Ha hecho los deberes,Matemáticas
ALUMNO05,,F,08/09/2020,11:15,12:10,Falta,Matemáticas
ALUMNO05,,F,09/09/2020,09:50,10:45,Falta,Matemáticas
ALUMNO05,,F,10/09/2020,08:00,08:55,Falta,Valenciano: Lengua y Literatura
ALUMNO05,,F,10/09/2020,08:55,09:50,Falta,"Educación plástica, visual y audiovisual"
ALUMNO05,,F,10/09/2020,09:50,10:45,Falta,ducación Física
ALUMNO05,,F,10/09/2020,12:10,13:05,Falta,Primera Lengua Extranjera
ALUMNO05,,F,11/09/2020,08:00,08:55,Falta,"Educación plástica, visual y audiovisual"
ALUMNO05,,F,11/09/2020,08:55,09:50,Falta,Primera Lengua Extranjera
ALUMNO05,,F,11/09/2020,09:50,10:45,Falta,Matemáticas
ALUMNO05,,F,14/09/2020,08:55,09:50,Falta,Geografía e Historia
ALUMNO05,,F,14/09/2020,09:50,10:45,Falta,Primera Lengua Extranjera
ALUMNO05,,F,14/09/2020,11:15,12:10,Falta,Valenciano: Lengua y Literatura
ALUMNO05,,F,14/09/2020,12:10,13:05,Falta,Física y Química
ALUMNO05,,F,14/09/2020,13:05,14:00,Falta,Música
ALUMNO05,,F,15/09/2020,08:00,08:55,Falta,Física y Química
ALUMNO05,,F,15/09/2020,08:55,09:50,Falta,Valenciano: Lengua y Literatura
ALUMNO05,,F,15/09/2020,09:50,10:45,Falta,Educación Física
ALUMNO05,,F,15/09/2020,11:15,12:10,Falta,Matemáticas
ALUMNO05,,F,16/09/2020,08:00,08:55,Falta,Primera Lengua Extranjera
ALUMNO05,,F,16/09/2020,09:50,10:45,Falta,Matemáticas
ALUMNO05,,F,16/09/2020,11:15,12:10,Falta,Geografía e Historia
ALUMNO05,,F,16/09/2020,13:05,14:00,Falta,Taller de Refuerzo
ALUMNO05,,F,17/09/2020,08:00,08:55,Falta,Valenciano: Lengua y Literatura
ALUMNO05,,F,17/09/2020,08:55,09:50,Falta,"Educación plástica, visual y audiovisual"
ALUMNO05,,F,17/09/2020,09:50,10:45,Falta,Educación Física
ALUMNO05,,F,17/09/2020,12:10,13:05,Falta,Primera Lengua Extranjera
ALUMNO05,,F,17/09/2020,13:05,14:00,Falta,Geografía e Historia
ALUMNO05,,F,18/09/2020,08:00,08:55,Falta,"Educación plástica, visual y audiovisual"
ALUMNO05,,F,18/09/2020,08:55,09:50,Falta,Primera Lengua Extranjera
ALUMNO05,,F,18/09/2020,09:50,10:45,Falta,Matemáticas
ALUMNO05,,F,18/09/2020,11:15,12:10,Falta,Taller de Refuerzo
ALUMNO05,,RP,23/09/2020,09:50,10:45,Ha hecho los deberes,Matemáticas
ALUMNO05,,F,24/09/2020,08:00,08:55,Falta,Valenciano: Lengua y Literatura
ALUMNO05,,F,24/09/2020,08:55,09:50,Falta,"Educación plástica, visual y audiovisual"
ALUMNO05,,F,24/09/2020,09:50,10:45,Falta,Educación Física
ALUMNO05,,F,24/09/2020,11:15,12:10,Falta,Lengua Castellana y Literatura
ALUMNO05,,F,24/09/2020,12:10,13:05,Falta,Primera Lengua Extranjera
ALUMNO05,,F,24/09/2020,13:05,14:00,Falta,Geografía e Historia
ALUMNO05,,F,25/09/2020,08:00,08:55,Falta,"Educación plástica, visual y audiovisual"
ALUMNO05,,F,25/09/2020,08:55,09:50,Falta,Primera Lengua Extranjera
ALUMNO05,,F,25/09/2020,11:15,12:10,Falta,Taller de Refuerzo
ALUMNO05,,F,25/09/2020,12:10,13:05,Falta,Tecnología
ALUMNO05,,F,25/09/2020,13:05,14:00,Falta,Tecnología
ALUMNO06,,F,08/09/2020,11:15,12:10,Falta,Matemáticas
ALUMNO06,,F,09/09/2020,09:50,10:45,Falta,Matemáticas
ALUMNO06,,F,10/09/2020,08:00,08:55,Falta,Valenciano: Lengua y Literatura
ALUMNO06,,F,10/09/2020,08:55,09:50,Falta,"Educación plástica, visual y audiovisual"
ALUMNO06,,F,10/09/2020,09:50,10:45,Falta,Educación Física
ALUMNO06,,F,10/09/2020,12:10,13:05,Falta,Primera Lengua Extranjera
ALUMNO06,,F,11/09/2020,08:00,08:55,Falta,"Educación plástica, visual y audiovisual"
ALUMNO06,,F,11/09/2020,09:50,10:45,Falta,Matemáticas
ALUMNO06,,F,14/09/2020,08:55,09:50,Falta,Geografía e Historia
ALUMNO06,,F,14/09/2020,09:50,10:45,Falta,Primera Lengua Extranjera
ALUMNO06,,F,14/09/2020,11:15,12:10,Falta,Valenciano: Lengua y Literatura
ALUMNO06,,F,14/09/2020,12:10,13:05,Falta,Física y Química
ALUMNO06,,F,14/09/2020,13:05,14:00,Falta,Música
ALUMNO06,,F,15/09/2020,08:00,08:55,Falta,Física y Química
ALUMNO06,,F,15/09/2020,08:55,09:50,Falta,Valenciano: Lengua y Literatura
ALUMNO06,,F,15/09/2020,09:50,10:45,Falta,Educación Física
ALUMNO06,,F,15/09/2020,11:15,12:10,Falta,Matemáticas
ALUMNO06,,F,16/09/2020,08:00,08:55,Falta,Primera Lengua Extranjera
ALUMNO06,,F,16/09/2020,09:50,10:45,Falta,Matemáticas
ALUMNO06,,F,16/09/2020,11:15,12:10,Falta,Geografía e Historia
ALUMNO06,,F,16/09/2020,13:05,14:00,Falta,Informática
ALUMNO06,,F,17/09/2020,08:00,08:55,Falta,Valenciano: Lengua y Literatura
ALUMNO06,,F,17/09/2020,08:55,09:50,Falta,"Educación plástica, visual y audiovisual"
ALUMNO06,,F,17/09/2020,09:50,10:45,Falta,Educación Física
ALUMNO06,,F,17/09/2020,12:10,13:05,Falta,Primera Lengua Extranjera
ALUMNO06,,F,17/09/2020,13:05,14:00,Falta,Geografía e Historia
ALUMNO06,,F,18/09/2020,08:00,08:55,Falta,"Educación plástica, visual y audiovisual"
ALUMNO06,,F,18/09/2020,08:55,09:50,Falta,Primera Lengua Extranjera
ALUMNO06,,F,18/09/2020,09:50,10:45,Falta,Matemáticas
ALUMNO06,,F,21/09/2020,08:55,09:50,Falta,Geografía e Historia
ALUMNO06,,F,21/09/2020,09:50,10:45,Falta,Primera Lengua Extranjera
ALUMNO06,,F,21/09/2020,11:15,12:10,Falta,Valenciano: Lengua y Literatura
ALUMNO06,,F,21/09/2020,12:10,13:05,Falta,Física y Química
ALUMNO06,,F,21/09/2020,13:05,14:00,Falta,Música
ALUMNO06,,F,22/09/2020,08:00,08:55,Falta,Física y Química
ALUMNO06,,F,22/09/2020,08:55,09:50,Falta,Valenciano: Lengua y Literatura
ALUMNO06,,F,22/09/2020,09:50,10:45,Falta,Educación Física
ALUMNO06,,F,22/09/2020,11:15,12:10,Falta,Matemáticas
ALUMNO06,,F,23/09/2020,08:00,08:55,Falta,Primera Lengua Extranjera
ALUMNO06,,F,23/09/2020,08:55,09:50,Falta,Música
ALUMNO06,,F,23/09/2020,09:50,10:45,Falta,Matemáticas
ALUMNO06,,F,23/09/2020,11:15,12:10,Falta,Geografía e Historia
ALUMNO06,,F,23/09/2020,12:10,13:05,Falta,Lengua Castellana y Literatura
ALUMNO06,,F,23/09/2020,13:05,14:00,Falta,Informática
ALUMNO06,,F,24/09/2020,08:00,08:55,Falta,Valenciano: Lengua y Literatura
ALUMNO06,,R,24/09/2020,08:55,09:50,Retraso,"Educación plástica, visual y audiovisual"
ALUMNO06,,AC,24/09/2020,12:10,13:05,Distrae a los compañeros,Primera Lengua Extranjera
ALUMNO06,,AC,24/09/2020,12:10,13:05,"Habla, molesta e interrumpe",Primera Lengua Extranjera
ALUMNO06,,AT,24/09/2020,12:10,13:05,No trabaja en clase,Primera Lengua Extranjera
ALUMNO06,,AT,24/09/2020,12:10,13:05,No trae el material a clase,Primera Lengua Extranjera
ALUMNO06,,F,25/09/2020,08:00,08:55,Falta,"Educación plástica, visual y audiovisual"
ALUMNO06,,F,25/09/2020,08:55,09:50,Falta,Primera Lengua Extranjera
ALUMNO06,,F,25/09/2020,12:10,13:05,Falta,Tecnología
ALUMNO06,,F,25/09/2020,13:05,14:00,Falta,Tecnología
ALUMNO07,,RP,16/09/2020,09:50,10:45,Ha hecho los deberes,Matemáticas
ALUMNO07,,F,17/09/2020,08:00,08:55,Falta,Valenciano: Lengua y Literatura
ALUMNO07,,F,17/09/2020,08:55,09:50,Falta,"Educación plástica, visual y audiovisual"
ALUMNO07,,F,17/09/2020,09:50,10:45,Falta,Educación Física
ALUMNO07,,F,17/09/2020,12:10,13:05,Falta,Primera Lengua Extranjera
ALUMNO07,,F,17/09/2020,13:05,14:00,Falta,Geografía e Historia
ALUMNO07,,F,18/09/2020,08:00,08:55,Falta,"Educación plástica, visual y audiovisual"
ALUMNO07,,F,18/09/2020,08:55,09:50,Falta,Primera Lengua Extranjera
ALUMNO07,,F,18/09/2020,09:50,10:45,Falta,Matemáticas
ALUMNO07,,RP,22/09/2020,11:15,12:10,Ha hecho los deberes,Matemáticas
ALUMNO07,,RP,23/09/2020,09:50,10:45,Ha hecho los deberes,Matemáticas
ALUMNO07,,F,24/09/2020,08:00,08:55,Falta,Valenciano: Lengua y Literatura
ALUMNO07,,F,24/09/2020,08:55,09:50,Falta,"Educación plástica, visual y audiovisual"
ALUMNO08,,RP,16/09/2020,09:50,10:45,Ha hecho los deberes,Matemáticas
ALUMNO08,,RP,18/09/2020,09:50,10:45,Ha hecho los deberes,Matemáticas
ALUMNO08,,AC,22/09/2020,08:55,09:50,Distrae a los compañeros,Valenciano: Lengua y Literatura
ALUMNO08,,AC,22/09/2020,08:55,09:50,"Habla, molesta e interrumpe",Valenciano: Lengua y Literatura
ALUMNO08,,RP,22/09/2020,11:15,12:10,Ha hecho los deberes,Matemáticas
ALUMNO08,,RP,23/09/2020,09:50,10:45,Ha hecho los deberes,Matemáticas
ALUMNO09,,AT,16/09/2020,09:50,10:45,No hace los deberes,Matemáticas
ALUMNO09,,RP,18/09/2020,09:50,10:45,Ha hecho los deberes,Matemáticas
ALUMNO09,,RP,22/09/2020,11:15,12:10,Ha hecho los deberes,Matemáticas
ALUMNO09,,RP,23/09/2020,09:50,10:45,Ha hecho los deberes,Matemáticas
ALUMNO10,,AT,16/09/2020,09:50,10:45,No hace los deberes,Matemáticas
ALUMNO10,,RP,18/09/2020,09:50,10:45,Ha hecho los deberes,Matemáticas
ALUMNO10,,RP,22/09/2020,11:15,12:10,Ha hecho los deberes,Matemáticas
ALUMNO10,,RP,23/09/2020,09:50,10:45,Ha hecho los deberes,Matemáticas
ALUMNO11,,R,15/09/2020,08:00,08:55,Retraso,Física y Química
ALUMNO11,,RP,16/09/2020,09:50,10:45,Ha hecho los deberes,Matemáticas
ALUMNO11,,RP,18/09/2020,09:50,10:45,Ha hecho los deberes,Matemáticas
ALUMNO11,,RP,22/09/2020,11:15,12:10,Ha hecho los deberes,Matemáticas
ALUMNO11,,RP,23/09/2020,09:50,10:45,Ha hecho los deberes,Matemáticas
ALUMNO11,,AT,24/09/2020,09:50,10:45,No trabaja en clase,Educación Física
ALUMNO12,,RP,16/09/2020,09:50,10:45,Ha hecho los deberes,Matemáticas
ALUMNO12,,RP,18/09/2020,09:50,10:45,Ha hecho los deberes,Matemáticas
ALUMNO12,,RP,22/09/2020,11:15,12:10,Ha hecho los deberes,Matemáticas
ALUMNO12,,RP,23/09/2020,09:50,10:45,Ha hecho los deberes,Matemáticas
ALUMNO13,,RP,16/09/2020,09:50,10:45,Ha hecho los deberes,Matemáticas
ALUMNO13,,RP,18/09/2020,09:50,10:45,Ha hecho los deberes,Matemáticas
ALUMNO13,,RP,22/09/2020,11:15,12:10,Ha hecho los deberes,Matemáticas
ALUMNO13,,RP,23/09/2020,09:50,10:45,Ha hecho los deberes,Matemáticas
ALUMNO14,,F,10/09/2020,08:00,08:55,Falta,Valenciano: Lengua y Literatura
ALUMNO14,,F,10/09/2020,08:55,09:50,Falta,"Educación plástica, visual y audiovisual"
ALUMNO14,,F,10/09/2020,09:50,10:45,Falta,Educación Física
ALUMNO14,,F,10/09/2020,12:10,13:05,Falta,Primera Lengua Extranjera
ALUMNO14,,F,14/09/2020,08:55,09:50,Falta,Geografía e Historia
ALUMNO14,,F,14/09/2020,09:50,10:45,Falta,Primera Lengua Extranjera
ALUMNO14,,F,14/09/2020,11:15,12:10,Falta,Valenciano: Lengua y Literatura
ALUMNO14,,F,14/09/2020,12:10,13:05,Falta,Física y Química
ALUMNO14,,F,14/09/2020,13:05,14:00,Falta,Música
ALUMNO14,,F,16/09/2020,08:00,08:55,Falta,Primera Lengua Extranjera
ALUMNO14,,F,16/09/2020,09:50,10:45,Falta,Matemáticas
ALUMNO14,,F,16/09/2020,11:15,12:10,Falta,Geografía e Historia
ALUMNO14,,F,16/09/2020,13:05,14:00,Falta,Taller de Refuerzo
ALUMNO14,,AT,18/09/2020,09:50,10:45,No hace los deberes,Matemáticas
ALUMNO14,,F,18/09/2020,11:15,12:10,Falta,Taller de Refuerzo
ALUMNO14,,RP,22/09/2020,11:15,12:10,Ha hecho los deberes,Matemáticas
ALUMNO14,,AT,23/09/2020,09:50,10:45,No hace los deberes,Matemáticas
ALUMNO15,,AT,16/09/2020,09:50,10:45,No hace los deberes,Matemáticas
ALUMNO15,,RP,18/09/2020,09:50,10:45,Ha hecho los deberes,Matemáticas
ALUMNO15,,RP,22/09/2020,11:15,12:10,Ha hecho los deberes,Matemáticas
ALUMNO15,,RP,23/09/2020,09:50,10:45,Ha hecho los deberes,Matemáticas
ALUMNO16,,F,08/09/2020,11:15,12:10,Falta,Matemáticas
ALUMNO16,,F,09/09/2020,09:50,10:45,Falta,Matemáticas
ALUMNO16,,F,10/09/2020,08:00,08:55,Falta,Valenciano: Lengua y Literatura
ALUMNO16,,F,10/09/2020,08:55,09:50,Falta,"Educación plástica, visual y audiovisual"
ALUMNO16,,F,10/09/2020,09:50,10:45,Falta,Educación Física
ALUMNO16,,F,10/09/2020,12:10,13:05,Falta,Primera Lengua Extranjera
ALUMNO16,,F,15/09/2020,08:00,08:55,Falta,Física y Química
ALUMNO16,,F,15/09/2020,08:55,09:50,Falta,Valenciano: Lengua y Literatura
ALUMNO16,,F,15/09/2020,11:15,12:10,Falta,Matemáticas
ALUMNO16,,RP,16/09/2020,09:50,10:45,Ha hecho los deberes,Matemáticas
ALUMNO16,,F,16/09/2020,11:15,12:10,Falta,Geografía e Historia
ALUMNO16,,F,16/09/2020,13:05,14:00,Falta,Informática
ALUMNO16,,F,18/09/2020,08:00,08:55,Falta,"Educación plástica, visual y audiovisual"
ALUMNO16,,F,18/09/2020,08:55,09:50,Falta,Primera Lengua Extranjera
ALUMNO16,,F,18/09/2020,09:50,10:45,Falta,Matemáticas
ALUMNO16,,F,22/09/2020,09:50,10:45,Falta,Educación Física
ALUMNO16,,F,22/09/2020,11:15,12:10,Falta,Matemáticas
ALUMNO16,,F,23/09/2020,08:00,08:55,Falta,Primera Lengua Extranjera
ALUMNO16,,F,23/09/2020,08:55,09:50,Falta,Música
ALUMNO16,,F,23/09/2020,09:50,10:45,Falta,Matemáticas
ALUMNO16,,F,23/09/2020,11:15,12:10,Falta,Geografía e Historia
ALUMNO16,,F,23/09/2020,12:10,13:05,Falta,Lengua Castellana y Literatura
ALUMNO16,,F,23/09/2020,13:05,14:00,Falta,Informática
ALUMNO16,,AT,24/09/2020,09:50,10:45,No trabaja en clase,Educación Física
ALUMNO16,,F,25/09/2020,08:00,08:55,Falta,"Educación plástica, visual y audiovisual"
ALUMNO17,,F,15/09/2020,08:00,08:55,Falta,Física y Química
ALUMNO17,,RP,16/09/2020,09:50,10:45,Ha hecho los deberes,Matemáticas
ALUMNO17,,F,16/09/2020,13:05,14:00,Falta,Taller de Refuerzo
ALUMNO17,,RP,18/09/2020,09:50,10:45,Ha hecho los deberes,Matemáticas
ALUMNO17,,F,18/09/2020,11:15,12:10,Falta,Taller de Refuerzo
ALUMNO17,,R,22/09/2020,08:00,08:55,Retraso,Física y Química
ALUMNO17,,RP,22/09/2020,11:15,12:10,Ha hecho los deberes,Matemáticas
ALUMNO17,,F,23/09/2020,08:00,08:55,Falta,Primera Lengua Extranjera
ALUMNO17,,RP,23/09/2020,09:50,10:45,Ha hecho los deberes,Matemáticas
ALUMNO17,,F,23/09/2020,13:05,14:00,Falta,Taller de Refuerzo
ALUMNO17,,AC,24/09/2020,09:50,10:45,Distrae a los compañeros,Educación Física
ALUMNO17,,AC,24/09/2020,12:10,13:05,"Habla, molesta e interrumpe",Primera Lengua Extranjera
ALUMNO17,,AC,24/09/2020,12:10,13:05,Distrae a los compañeros,Primera Lengua Extranjera
ALUMNO17,,AT,24/09/2020,12:10,13:05,No trabaja en clase,Primera Lengua Extranjera
ALUMNO17,,AT,24/09/2020,12:10,13:05,No trae el material a clase,Primera Lengua Extranjera
ALUMNO18,,RP,15/09/2020,09:50,10:45,Trabaja en clase,Educación Física
ALUMNO18,,RP,16/09/2020,09:50,10:45,Ha hecho los deberes,Matemáticas
ALUMNO18,,RP,18/09/2020,09:50,10:45,Ha hecho los deberes,Matemáticas
ALUMNO18,,RP,22/09/2020,11:15,12:10,Ha hecho los deberes,Matemáticas
ALUMNO18,,RP,23/09/2020,09:50,10:45,Ha hecho los deberes,Matemáticas
ALUMNO18,,RP,24/09/2020,09:50,10:45,Se esfuerza y participa,Educación Física
ALUMNO19,,RP,10/09/2020,09:50,10:45,Reconocimiento positivo,Educación Física
ALUMNO19,,RP,16/09/2020,09:50,10:45,Ha hecho los deberes,Matemáticas
ALUMNO19,,RP,18/09/2020,09:50,10:45,Ha hecho los deberes,Matemáticas
ALUMNO19,,RP,22/09/2020,11:15,12:10,Ha hecho los deberes,Matemáticas
ALUMNO19,,RP,23/09/2020,09:50,10:45,Ha hecho los deberes,Matemáticas
ALUMNO20,,RP,15/09/2020,09:50,10:45,Trabaja en clase,Educación Física
ALUMNO20,,RP,16/09/2020,09:50,10:45,Ha hecho los deberes,Matemáticas
ALUMNO20,,RP,18/09/2020,09:50,10:45,Ha hecho los deberes,Matemáticas
ALUMNO20,,RP,22/09/2020,11:15,12:10,Ha hecho los deberes,Matemáticas
ALUMNO20,,RP,23/09/2020,09:50,10:45,Ha hecho los deberes,Matemáticas
ALUMNO21,,RP,16/09/2020,09:50,10:45,Ha hecho los deberes,Matemáticas
ALUMNO21,,RP,18/09/2020,09:50,10:45,Ha hecho los deberes,Matemáticas
ALUMNO21,,AC,22/09/2020,08:55,09:50,Distrae a los compañeros,Valenciano: Lengua y Literatura
ALUMNO21,,AC,22/09/2020,08:55,09:50,"Habla, molesta e interrumpe",Valenciano: Lengua y Literatura
ALUMNO21,,RP,22/09/2020,11:15,12:10,Ha hecho los deberes,Matemáticas
ALUMNO21,,RP,23/09/2020,09:50,10:45,Ha hecho los deberes,Matemáticas
